{"pm25_mean": 34.78586889301175, "pm25_std": 18.951988845074204}