{"PM25": [56.448841226897876, 42.8382211400005], "PM10": [102.02195455878997, 60.13723953325887], "CO": [1.0208978328173375, 0.5408125572025474], "NO2": [39.23376242463745, 18.495761212656728], "O3_8": [110.17880071696268, 57.34674467894985], "SO2": [15.876600945087176, 11.644411888638128]}